{"cameraMode":{"drawMode":0,"name":"Shaded","section":"Shading Mode"},"sceneLighting":true,"audioPlay":false,"sceneViewState":{"showFog":true,"showMaterialUpdate":false,"showSkybox":true,"showFlares":true,"showImageEffects":true,"showParticleSystems":true},"in2DMode":false,"pivot":{"x":-37.075313568115237,"y":-11.732053756713868,"z":22.634239196777345},"rotation":{"x":-0.10887592285871506,"y":0.49901965260505679,"z":-0.06336870044469834,"w":-0.857385516166687},"size":61.40888595581055,"orthographic":false}