{"cameraMode":{"drawMode":0,"name":"Shaded","section":"Shading Mode"},"sceneLighting":true,"audioPlay":false,"sceneViewState":{"showFog":true,"showMaterialUpdate":false,"showSkybox":true,"showFlares":true,"showImageEffects":true,"showParticleSystems":true},"in2DMode":false,"pivot":{"x":0.8893113136291504,"y":3.93416166305542,"z":-5.939357757568359},"rotation":{"x":-0.10473255813121796,"y":0.037578873336315158,"z":-0.0039606946520507339,"w":-0.9937822818756104},"size":15.914990425109864,"orthographic":true}