{"cameraMode":{"drawMode":0,"name":"Shaded","section":"Shading Mode"},"sceneLighting":true,"audioPlay":false,"sceneViewState":{"showFog":true,"showMaterialUpdate":false,"showSkybox":true,"showFlares":true,"showImageEffects":true,"showParticleSystems":true},"in2DMode":false,"pivot":{"x":0.8893113136291504,"y":3.93416166305542,"z":-5.939357757568359},"rotation":{"x":-0.07130047678947449,"y":-0.1324661821126938,"z":0.009554081596434117,"w":-0.9885736107826233},"size":15.914990425109864,"orthographic":true}