{"cameraMode":{"drawMode":0,"name":"Shaded","section":"Shading Mode"},"sceneLighting":true,"audioPlay":false,"sceneViewState":{"showFog":true,"showMaterialUpdate":false,"showSkybox":true,"showFlares":true,"showImageEffects":true,"showParticleSystems":true},"in2DMode":false,"pivot":{"x":-1.6970417499542237,"y":-0.0949406623840332,"z":0.6435079574584961},"rotation":{"x":-0.1694694310426712,"y":0.16675743460655213,"z":-0.02910739742219448,"w":-0.9708886742591858},"size":14.077601432800293,"orthographic":false}